"date","close"
2004-01-02,10409.849609375
2004-01-05,10544.0703125
2004-01-06,10538.66015625
2004-01-07,10529.0302734375
2004-01-08,10592.4404296875
2004-01-09,10458.8896484375
2004-01-12,10485.1796875
2004-01-13,10427.1796875
2004-01-14,10538.3701171875
2004-01-15,10553.849609375
2004-01-16,10600.509765625
2004-01-20,10528.66015625
2004-01-21,10623.6201171875
2004-01-22,10623.1796875
2004-01-23,10568.2900390625
2004-01-26,10702.509765625
2004-01-27,10609.919921875
2004-01-28,10468.3701171875
2004-01-29,10510.2900390625
2004-01-30,10488.0703125
2004-02-02,10499.1796875
2004-02-03,10505.1796875
2004-02-04,10470.740234375
2004-02-05,10495.5498046875
2004-02-06,10593.0302734375
2004-02-09,10579.0302734375
2004-02-10,10613.849609375
2004-02-11,10737.7001953125
2004-02-12,10694.0703125
2004-02-13,10627.849609375
2004-02-17,10714.8798828125
2004-02-18,10671.990234375
2004-02-19,10664.73046875
2004-02-20,10619.0302734375
2004-02-23,10609.6201171875
2004-02-24,10566.3701171875
2004-02-25,10601.6201171875
2004-02-26,10580.1396484375
2004-02-27,10583.919921875
2004-03-01,10678.1396484375
2004-03-02,10591.48046875
2004-03-03,10593.1103515625
2004-03-04,10588
2004-03-05,10595.5498046875
2004-03-08,10529.48046875
2004-03-09,10456.9599609375
2004-03-10,10296.8896484375
2004-03-11,10128.3798828125
2004-03-12,10240.080078125
2004-03-15,10102.8896484375
2004-03-16,10184.669921875
2004-03-17,10300.2998046875
2004-03-18,10295.7802734375
2004-03-19,10186.599609375
2004-03-22,10064.75
2004-03-23,10063.6396484375
2004-03-24,10048.23046875
2004-03-25,10218.8203125
2004-03-26,10212.9697265625
2004-03-29,10329.6298828125
2004-03-30,10381.7001953125
2004-03-31,10357.7001953125
2004-04-01,10373.330078125
2004-04-02,10470.58984375
2004-04-05,10558.3701171875
2004-04-06,10570.8095703125
2004-04-07,10480.150390625
2004-04-08,10442.0302734375
2004-04-12,10515.5595703125
2004-04-13,10381.2802734375
2004-04-14,10377.9501953125
2004-04-15,10397.4599609375
2004-04-16,10451.9697265625
2004-04-19,10437.849609375
2004-04-20,10314.5
2004-04-21,10317.26953125
2004-04-22,10461.2001953125
2004-04-23,10472.83984375
2004-04-26,10444.73046875
2004-04-27,10478.16015625
2004-04-28,10342.599609375
2004-04-29,10272.26953125
2004-04-30,10225.5703125
2004-05-03,10314
2004-05-04,10317.2001953125
2004-05-05,10310.9501953125
2004-05-06,10241.259765625
2004-05-07,10117.33984375
2004-05-10,9990.01953125
2004-05-11,10019.4697265625
2004-05-12,10045.16015625
2004-05-13,10010.740234375
2004-05-14,10012.8701171875
2004-05-17,9906.91015625
2004-05-18,9968.509765625
2004-05-19,9937.7099609375
2004-05-20,9937.6396484375
2004-05-21,9966.740234375
2004-05-24,9958.4296875
2004-05-25,10117.6201171875
2004-05-26,10109.8896484375
2004-05-27,10205.2001953125
2004-05-28,10188.4501953125
2004-06-01,10202.650390625
2004-06-02,10262.9697265625
2004-06-03,10195.91015625
2004-06-04,10242.8203125
2004-06-07,10391.080078125
2004-06-08,10432.51953125
2004-06-09,10368.4404296875
2004-06-10,10410.099609375
2004-06-14,10334.73046875
2004-06-15,10380.4296875
2004-06-16,10379.580078125
2004-06-17,10377.51953125
2004-06-18,10416.41015625
2004-06-21,10371.4697265625
2004-06-22,10395.0703125
2004-06-23,10479.5703125
2004-06-24,10443.8095703125
2004-06-25,10371.83984375
2004-06-28,10357.08984375
2004-06-29,10413.4296875
2004-06-30,10435.48046875
2004-07-01,10334.16015625
2004-07-02,10282.830078125
2004-07-06,10219.33984375
2004-07-07,10240.2900390625
2004-07-08,10171.5595703125
2004-07-09,10213.2197265625
2004-07-12,10238.2197265625
2004-07-13,10247.58984375
2004-07-14,10208.7998046875
2004-07-15,10163.16015625
2004-07-16,10139.7802734375
2004-07-19,10094.0595703125
2004-07-20,10149.0703125
2004-07-21,10046.1298828125
2004-07-22,10050.330078125
2004-07-23,9962.2197265625
2004-07-26,9961.919921875
2004-07-27,10085.1396484375
2004-07-28,10117.0703125
2004-07-29,10129.240234375
2004-07-30,10139.7099609375
2004-08-02,10179.16015625
2004-08-03,10120.240234375
2004-08-04,10126.509765625
2004-08-05,9963.0302734375
2004-08-06,9815.330078125
2004-08-09,9814.66015625
2004-08-10,9944.669921875
2004-08-11,9938.3203125
2004-08-12,9814.58984375
2004-08-13,9825.349609375
2004-08-16,9954.5498046875
2004-08-17,9972.830078125
2004-08-18,10083.150390625
2004-08-19,10040.8203125
2004-08-20,10110.1396484375
2004-08-23,10073.0498046875
2004-08-24,10098.6298828125
2004-08-25,10181.740234375
2004-08-26,10173.41015625
2004-08-27,10195.009765625
2004-08-30,10122.51953125
2004-08-31,10173.919921875
2004-09-01,10168.4599609375
2004-09-02,10290.2802734375
2004-09-03,10260.2001953125
2004-09-07,10342.7900390625
2004-09-08,10313.3603515625
2004-09-09,10289.099609375
2004-09-10,10313.0703125
2004-09-13,10314.759765625
2004-09-14,10318.16015625
2004-09-15,10231.3603515625
2004-09-16,10244.490234375
2004-09-17,10284.4599609375
2004-09-20,10204.8896484375
2004-09-21,10244.9296875
2004-09-22,10109.1796875
2004-09-23,10038.900390625
2004-09-24,10047.240234375
2004-09-27,9988.5400390625
2004-09-28,10077.400390625
2004-09-29,10136.240234375
2004-09-30,10080.26953125
2004-10-01,10192.650390625
2004-10-04,10216.5400390625
2004-10-05,10177.6796875
2004-10-06,10239.919921875
2004-10-07,10125.400390625
2004-10-08,10055.2001953125
2004-10-11,10081.9697265625
2004-10-12,10077.1796875
2004-10-13,10002.330078125
2004-10-14,9894.4501953125
2004-10-15,9933.3798828125
2004-10-18,9956.3203125
2004-10-19,9897.6201171875
2004-10-20,9886.9296875
2004-10-21,9865.759765625
2004-10-22,9757.8095703125
2004-10-25,9749.990234375
2004-10-26,9888.48046875
2004-10-27,10002.0302734375
2004-10-28,10004.5400390625
2004-10-29,10027.4697265625
2004-11-01,10054.3896484375
2004-11-02,10035.73046875
2004-11-03,10137.0498046875
2004-11-04,10314.759765625
2004-11-05,10387.5400390625
2004-11-08,10391.3095703125
2004-11-09,10386.3701171875
2004-11-10,10385.48046875
2004-11-11,10469.83984375
2004-11-12,10539.009765625
2004-11-15,10550.240234375
2004-11-16,10487.650390625
2004-11-17,10549.5703125
2004-11-18,10572.5498046875
2004-11-19,10456.91015625
2004-11-22,10489.419921875
2004-11-23,10492.599609375
2004-11-24,10520.3095703125
2004-11-26,10522.23046875
2004-11-29,10475.900390625
2004-11-30,10428.01953125
2004-12-01,10590.2197265625
2004-12-02,10585.1201171875
2004-12-03,10592.2099609375
2004-12-06,10547.0595703125
2004-12-07,10440.580078125
2004-12-08,10494.23046875
2004-12-09,10552.8203125
2004-12-10,10543.2197265625
2004-12-13,10638.3203125
2004-12-14,10676.4501953125
2004-12-15,10691.4501953125
2004-12-16,10705.6396484375
2004-12-17,10649.919921875
2004-12-20,10661.599609375
2004-12-21,10759.4296875
2004-12-22,10815.8896484375
2004-12-23,10827.1201171875
2004-12-27,10776.1298828125
2004-12-28,10854.5400390625
2004-12-29,10829.1904296875
2004-12-30,10800.2998046875
2004-12-31,10783.009765625
2005-01-03,10729.4296875
2005-01-04,10630.7802734375
2005-01-05,10597.830078125
2005-01-06,10622.8798828125
2005-01-07,10603.9599609375
2005-01-10,10621.0302734375
2005-01-11,10556.2197265625
2005-01-12,10617.7802734375
2005-01-13,10505.830078125
2005-01-14,10558
2005-01-18,10628.7900390625
2005-01-19,10539.9697265625
2005-01-20,10471.4697265625
2005-01-21,10392.990234375
2005-01-24,10368.6103515625
2005-01-25,10461.5595703125
2005-01-26,10498.58984375
2005-01-27,10467.400390625
2005-01-28,10427.2001953125
2005-01-31,10489.9404296875
2005-02-01,10551.9404296875
2005-02-02,10596.7900390625
2005-02-03,10593.099609375
2005-02-04,10716.1298828125
2005-02-07,10715.759765625
2005-02-08,10724.6298828125
2005-02-09,10664.1103515625
2005-02-10,10749.6103515625
2005-02-11,10796.009765625
2005-02-14,10791.1298828125
2005-02-15,10837.3203125
2005-02-16,10834.8798828125
2005-02-17,10754.259765625
2005-02-18,10785.2197265625
2005-02-22,10611.2001953125
2005-02-23,10673.7900390625
2005-02-24,10748.7900390625
2005-02-25,10841.599609375
2005-02-28,10766.23046875
2005-03-01,10830
2005-03-02,10811.9697265625
2005-03-03,10833.0302734375
2005-03-04,10940.5498046875
2005-03-07,10936.8603515625
2005-03-08,10912.6201171875
2005-03-09,10805.6201171875
2005-03-10,10851.509765625
2005-03-11,10774.3603515625
2005-03-14,10804.509765625
2005-03-15,10745.099609375
2005-03-16,10633.0703125
2005-03-17,10626.349609375
2005-03-18,10629.669921875
2005-03-21,10565.3896484375
2005-03-22,10470.509765625
2005-03-23,10456.01953125
2005-03-24,10442.8701171875
2005-03-28,10485.650390625
2005-03-29,10405.7001953125
2005-03-30,10540.9296875
2005-03-31,10503.759765625
2005-04-01,10404.2998046875
2005-04-04,10421.1396484375
2005-04-05,10458.4599609375
2005-04-06,10486.01953125
2005-04-07,10546.3203125
2005-04-08,10461.33984375
2005-04-11,10448.5595703125
2005-04-12,10507.9697265625
2005-04-13,10403.9296875
2005-04-14,10278.75
2005-04-15,10087.509765625
2005-04-18,10071.25
2005-04-19,10127.41015625
2005-04-20,10012.3603515625
2005-04-21,10218.599609375
2005-04-22,10157.7099609375
2005-04-25,10242.4697265625
2005-04-26,10151.1298828125
2005-04-27,10198.7998046875
2005-04-28,10070.3701171875
2005-04-29,10192.509765625
2005-05-02,10251.7001953125
2005-05-03,10256.9501953125
2005-05-04,10384.6396484375
2005-05-05,10340.3798828125
2005-05-06,10345.400390625
2005-05-09,10384.33984375
2005-05-10,10281.1103515625
2005-05-11,10300.25
2005-05-12,10189.48046875
2005-05-13,10140.1201171875
2005-05-16,10252.2900390625
2005-05-17,10331.8798828125
2005-05-18,10464.4501953125
2005-05-19,10493.1904296875
2005-05-20,10471.91015625
2005-05-23,10523.5595703125
2005-05-24,10503.6796875
2005-05-25,10457.7998046875
2005-05-26,10537.599609375
2005-05-27,10542.5498046875
2005-05-31,10467.48046875
2005-06-01,10549.8701171875
2005-06-02,10553.490234375
2005-06-03,10460.9697265625
2005-06-06,10467.0302734375
2005-06-07,10483.0703125
2005-06-08,10476.8603515625
2005-06-09,10503.01953125
2005-06-10,10512.6298828125
2005-06-13,10522.5595703125
2005-06-14,10547.5703125
2005-06-15,10566.3701171875
2005-06-16,10578.650390625
2005-06-17,10623.0703125
2005-06-20,10609.1103515625
2005-06-21,10599.669921875
2005-06-22,10587.9296875
2005-06-23,10421.4404296875
2005-06-24,10297.83984375
2005-06-27,10290.7802734375
2005-06-28,10405.6298828125
2005-06-29,10374.48046875
2005-06-30,10274.9697265625
2005-07-01,10303.4404296875
2005-07-05,10371.7998046875
2005-07-06,10270.6796875
2005-07-07,10302.2900390625
2005-07-08,10449.1396484375
2005-07-11,10519.7197265625
2005-07-12,10513.8896484375
2005-07-13,10557.3896484375
2005-07-14,10628.8896484375
2005-07-15,10640.830078125
2005-07-18,10574.990234375
2005-07-19,10646.5595703125
2005-07-20,10689.150390625
2005-07-21,10627.76953125
2005-07-22,10651.1796875
2005-07-25,10596.48046875
2005-07-26,10579.76953125
2005-07-27,10637.08984375
2005-07-28,10705.5498046875
2005-07-29,10640.91015625
2005-08-01,10623.150390625
2005-08-02,10683.740234375
2005-08-03,10697.58984375
2005-08-04,10610.099609375
2005-08-05,10558.0302734375
2005-08-08,10536.9296875
2005-08-09,10615.669921875
2005-08-10,10594.41015625
2005-08-11,10685.8896484375
2005-08-12,10600.3095703125
2005-08-15,10634.3798828125
2005-08-16,10513.4501953125
2005-08-17,10550.7099609375
2005-08-18,10554.9296875
2005-08-19,10559.23046875
2005-08-22,10569.8896484375
2005-08-23,10519.580078125
2005-08-24,10434.8701171875
2005-08-25,10450.6298828125
2005-08-26,10397.2900390625
2005-08-29,10463.0498046875
2005-08-30,10412.8203125
2005-08-31,10481.599609375
2005-09-01,10459.6298828125
2005-09-02,10447.3701171875
2005-09-06,10589.240234375
2005-09-07,10633.5
2005-09-08,10595.9296875
2005-09-09,10678.5595703125
2005-09-12,10682.9404296875
2005-09-13,10597.4404296875
2005-09-14,10544.900390625
2005-09-15,10558.75
2005-09-16,10641.9404296875
2005-09-19,10557.6298828125
2005-09-20,10481.51953125
2005-09-21,10378.0302734375
2005-09-22,10422.0498046875
2005-09-23,10419.58984375
2005-09-26,10443.6298828125
2005-09-27,10456.2099609375
2005-09-28,10473.08984375
2005-09-29,10552.7802734375
2005-09-30,10568.7001953125
2005-10-03,10535.48046875
2005-10-04,10441.1103515625
2005-10-05,10317.3603515625
2005-10-06,10287.099609375
2005-10-07,10292.3095703125
2005-10-10,10238.759765625
2005-10-11,10253.169921875
2005-10-12,10216.91015625
2005-10-13,10216.58984375
2005-10-14,10287.33984375
2005-10-17,10348.099609375
2005-10-18,10285.259765625
2005-10-19,10414.1298828125
2005-10-20,10281.099609375
2005-10-21,10215.2197265625
2005-10-24,10385
2005-10-25,10377.8701171875
2005-10-26,10344.98046875
2005-10-27,10229.9501953125
2005-10-28,10402.76953125
2005-10-31,10440.0703125
2005-11-01,10406.76953125
2005-11-02,10472.73046875
2005-11-03,10522.58984375
2005-11-04,10530.759765625
2005-11-07,10586.23046875
2005-11-08,10539.7197265625
2005-11-09,10546.2099609375
2005-11-10,10640.099609375
2005-11-11,10686.0400390625
2005-11-14,10697.169921875
2005-11-15,10686.4404296875
2005-11-16,10674.759765625
2005-11-17,10720.2197265625
2005-11-18,10766.330078125
2005-11-21,10820.2802734375
2005-11-22,10871.4296875
2005-11-23,10916.08984375
2005-11-25,10931.6201171875
2005-11-28,10890.7197265625
2005-11-29,10888.16015625
2005-11-30,10805.8701171875
2005-12-01,10912.5703125
2005-12-02,10877.509765625
2005-12-05,10835.009765625
2005-12-06,10856.8603515625
2005-12-07,10810.91015625
2005-12-08,10755.1201171875
2005-12-09,10778.580078125
2005-12-12,10767.76953125
2005-12-13,10823.7197265625
2005-12-14,10883.509765625
2005-12-15,10881.669921875
2005-12-16,10875.58984375
2005-12-19,10836.5302734375
2005-12-20,10805.5498046875
2005-12-21,10833.73046875
2005-12-22,10889.4404296875
2005-12-23,10883.26953125
2005-12-27,10777.76953125
2005-12-28,10796.259765625
2005-12-29,10784.8203125
2005-12-30,10717.5
2006-01-03,10847.41015625
2006-01-04,10880.150390625
2006-01-05,10882.150390625
2006-01-06,10959.3095703125
2006-01-09,11011.900390625
2006-01-10,11011.580078125
2006-01-11,11043.4404296875
2006-01-12,10962.3603515625
2006-01-13,10959.8701171875
2006-01-17,10896.3203125
2006-01-18,10854.8603515625
2006-01-19,10880.7099609375
2006-01-20,10667.3896484375
2006-01-23,10688.76953125
2006-01-24,10712.2197265625
2006-01-25,10709.740234375
2006-01-26,10809.4697265625
2006-01-27,10907.2099609375
2006-01-30,10899.919921875
2006-01-31,10864.8603515625
2006-02-01,10953.9501953125
2006-02-02,10851.98046875
2006-02-03,10793.6201171875
2006-02-06,10798.26953125
2006-02-07,10749.759765625
2006-02-08,10858.6201171875
2006-02-09,10883.349609375
2006-02-10,10919.0498046875
2006-02-13,10892.3203125
2006-02-14,11028.3896484375
2006-02-15,11058.9697265625
2006-02-16,11120.6796875
2006-02-17,11115.3203125
2006-02-21,11069.0595703125
2006-02-22,11137.169921875
2006-02-23,11069.2197265625
2006-02-24,11061.849609375
2006-02-27,11097.5498046875
2006-02-28,10993.41015625
2006-03-01,11053.5302734375
2006-03-02,11025.509765625
2006-03-03,11021.58984375
2006-03-06,10958.58984375
2006-03-07,10980.6904296875
2006-03-08,11005.740234375
2006-03-09,10972.2802734375
2006-03-10,11076.33984375
2006-03-13,11076.01953125
2006-03-14,11151.33984375
2006-03-15,11209.76953125
2006-03-16,11253.240234375
2006-03-17,11279.650390625
2006-03-20,11274.5302734375
2006-03-21,11235.4697265625
2006-03-22,11317.4296875
2006-03-23,11270.2900390625
2006-03-24,11279.9697265625
2006-03-27,11250.1103515625
2006-03-28,11154.5400390625
2006-03-29,11215.7001953125
2006-03-30,11150.7001953125
2006-03-31,11109.3203125
2006-04-03,11144.9404296875
2006-04-04,11203.849609375
2006-04-05,11239.5498046875
2006-04-06,11216.5
2006-04-07,11120.0400390625
2006-04-10,11141.330078125
2006-04-11,11089.6298828125
2006-04-12,11129.9697265625
2006-04-13,11137.650390625
2006-04-17,11073.7802734375
2006-04-18,11268.76953125
2006-04-19,11278.76953125
2006-04-20,11342.8896484375
2006-04-21,11347.4501953125
2006-04-24,11336.3203125
2006-04-25,11283.25
2006-04-26,11354.490234375
2006-04-27,11382.509765625
2006-04-28,11367.1396484375
2006-05-01,11343.2900390625
2006-05-02,11416.4501953125
2006-05-03,11400.2802734375
2006-05-04,11438.8603515625
2006-05-05,11577.740234375
2006-05-08,11584.5400390625
2006-05-09,11639.76953125
2006-05-10,11642.650390625
2006-05-11,11500.73046875
2006-05-12,11380.990234375
2006-05-15,11428.76953125
2006-05-16,11419.8896484375
2006-05-17,11205.6103515625
2006-05-18,11128.2900390625
2006-05-19,11144.0595703125
2006-05-22,11125.330078125
2006-05-23,11098.349609375
2006-05-24,11117.3203125
2006-05-25,11211.0498046875
2006-05-26,11278.6103515625
2006-05-30,11094.4296875
2006-05-31,11168.3095703125
2006-06-01,11260.2802734375
2006-06-02,11247.8701171875
2006-06-05,11048.7197265625
2006-06-06,11002.1396484375
2006-06-07,10930.900390625
2006-06-08,10938.8203125
2006-06-09,10891.919921875
2006-06-12,10792.580078125
2006-06-13,10706.1396484375
2006-06-14,10816.919921875
2006-06-15,11015.1904296875
2006-06-16,11014.5498046875
2006-06-19,10942.1103515625
2006-06-20,10974.83984375
2006-06-21,11079.4599609375
2006-06-22,11019.1103515625
2006-06-23,10989.08984375
2006-06-26,11045.2802734375
2006-06-27,10924.740234375
2006-06-28,10973.5595703125
2006-06-29,11190.7998046875
2006-06-30,11150.2197265625
2006-07-03,11228.01953125
2006-07-05,11151.8203125
2006-07-06,11225.2998046875
2006-07-07,11090.669921875
2006-07-10,11103.5498046875
2006-07-11,11134.76953125
2006-07-12,11013.1796875
2006-07-13,10846.2900390625
2006-07-14,10739.349609375
2006-07-17,10747.3603515625
2006-07-18,10799.23046875
2006-07-19,11011.419921875
2006-07-20,10928.099609375
2006-07-21,10868.3798828125
2006-07-24,11051.0498046875
2006-07-25,11103.7099609375
2006-07-26,11102.509765625
2006-07-27,11100.4296875
2006-07-28,11219.7001953125
2006-07-31,11185.6796875
2006-08-01,11125.73046875
2006-08-02,11199.9296875
2006-08-03,11242.58984375
2006-08-04,11240.349609375
2006-08-07,11219.3798828125
2006-08-08,11173.58984375
2006-08-09,11076.1796875
2006-08-10,11124.3701171875
2006-08-11,11088.0302734375
2006-08-14,11097.8701171875
2006-08-15,11230.259765625
2006-08-16,11327.1201171875
2006-08-17,11334.9599609375
2006-08-18,11381.4697265625
2006-08-21,11345.0498046875
2006-08-22,11339.83984375
2006-08-23,11297.900390625
2006-08-24,11304.4599609375
2006-08-25,11284.0498046875
2006-08-28,11352.009765625
2006-08-29,11369.9404296875
2006-08-30,11382.91015625
2006-08-31,11381.150390625
2006-09-01,11464.150390625
2006-09-05,11469.2802734375
2006-09-06,11406.2001953125
2006-09-07,11331.4404296875
2006-09-08,11392.1103515625
2006-09-11,11396.83984375
2006-09-12,11498.08984375
2006-09-13,11543.3203125
2006-09-14,11527.3896484375
2006-09-15,11560.76953125
2006-09-18,11555
2006-09-19,11540.91015625
2006-09-20,11613.1904296875
2006-09-21,11533.23046875
2006-09-22,11508.099609375
2006-09-25,11575.8095703125
2006-09-26,11669.3896484375
2006-09-27,11689.240234375
2006-09-28,11718.4501953125
2006-09-29,11679.0703125
2006-10-02,11670.349609375
2006-10-03,11727.33984375
2006-10-04,11850.6103515625
2006-10-05,11866.6904296875
2006-10-06,11850.2099609375
2006-10-09,11857.8095703125
2006-10-10,11867.169921875
2006-10-11,11852.1298828125
2006-10-12,11947.7001953125
2006-10-13,11960.509765625
2006-10-16,11980.599609375
2006-10-17,11950.01953125
2006-10-18,11992.6796875
2006-10-19,12011.73046875
2006-10-20,12002.3701171875
2006-10-23,12116.91015625
2006-10-24,12127.8798828125
2006-10-25,12134.6796875
2006-10-26,12163.66015625
2006-10-27,12090.259765625
2006-10-30,12086.5
2006-10-31,12080.73046875
2006-11-01,12031.01953125
2006-11-02,12018.5400390625
2006-11-03,11986.0400390625
2006-11-06,12105.5498046875
2006-11-07,12156.76953125
2006-11-08,12176.5400390625
2006-11-09,12103.2998046875
2006-11-10,12108.4296875
2006-11-13,12131.8798828125
2006-11-14,12218.009765625
2006-11-15,12251.7099609375
2006-11-16,12305.8203125
2006-11-17,12342.5595703125
2006-11-20,12316.5400390625
2006-11-21,12321.58984375
2006-11-22,12326.9501953125
2006-11-24,12280.169921875
2006-11-27,12121.7099609375
2006-11-28,12136.4501953125
2006-11-29,12226.73046875
2006-11-30,12221.9296875
2006-12-01,12194.1298828125
2006-12-04,12283.849609375
2006-12-05,12331.599609375
2006-12-06,12309.25
2006-12-07,12278.41015625
2006-12-08,12307.490234375
2006-12-11,12328.48046875
2006-12-12,12315.580078125
2006-12-13,12317.5
2006-12-14,12416.759765625
2006-12-15,12445.51953125
2006-12-18,12441.26953125
2006-12-19,12471.3203125
2006-12-20,12463.8701171875
2006-12-21,12421.25
2006-12-22,12343.2197265625
2006-12-26,12407.6298828125
2006-12-27,12510.5703125
2006-12-28,12501.51953125
2006-12-29,12463.150390625
2007-01-03,12474.51953125
2007-01-04,12480.6904296875
2007-01-05,12398.009765625
2007-01-08,12423.490234375
2007-01-09,12416.599609375
2007-01-10,12442.16015625
2007-01-11,12514.98046875
2007-01-12,12556.080078125
2007-01-16,12582.58984375
2007-01-17,12577.150390625
2007-01-18,12567.9296875
2007-01-19,12565.5302734375
2007-01-22,12477.16015625
2007-01-23,12533.7998046875
2007-01-24,12621.76953125
2007-01-25,12502.5595703125
2007-01-26,12487.01953125
2007-01-29,12490.7802734375
2007-01-30,12523.3095703125
2007-01-31,12621.6904296875
2007-02-01,12673.6796875
2007-02-02,12653.490234375
2007-02-05,12661.740234375
2007-02-06,12666.3095703125
2007-02-07,12666.8701171875
2007-02-08,12637.6298828125
2007-02-09,12580.830078125
2007-02-12,12552.5498046875
2007-02-13,12654.849609375
2007-02-14,12741.8603515625
2007-02-15,12765.009765625
2007-02-16,12767.5703125
2007-02-20,12786.6396484375
2007-02-21,12738.41015625
2007-02-22,12686.01953125
2007-02-23,12647.48046875
2007-02-26,12632.259765625
2007-02-27,12216.240234375
2007-02-28,12268.6298828125
2007-03-01,12234.33984375
2007-03-02,12114.099609375
2007-03-05,12050.41015625
2007-03-06,12207.58984375
2007-03-07,12192.4501953125
2007-03-08,12260.7001953125
2007-03-09,12276.3203125
2007-03-12,12318.6201171875
2007-03-13,12075.9599609375
2007-03-14,12133.400390625
2007-03-15,12159.6796875
2007-03-16,12110.41015625
2007-03-19,12226.169921875
2007-03-20,12288.099609375
2007-03-21,12447.51953125
2007-03-22,12461.1396484375
2007-03-23,12481.009765625
2007-03-26,12469.0703125
2007-03-27,12397.2900390625
2007-03-28,12300.3603515625
2007-03-29,12348.75
2007-03-30,12354.349609375
2007-04-02,12382.2998046875
2007-04-03,12510.2998046875
2007-04-04,12530.0498046875
2007-04-05,12560.2001953125
2007-04-09,12569.1396484375
2007-04-10,12573.849609375
2007-04-11,12484.6201171875
2007-04-12,12552.9599609375
2007-04-13,12612.1298828125
2007-04-16,12720.4599609375
2007-04-17,12773.0400390625
2007-04-18,12803.83984375
2007-04-19,12808.6298828125
2007-04-20,12961.98046875
2007-04-23,12919.400390625
2007-04-24,12953.9404296875
2007-04-25,13089.8896484375
2007-04-26,13105.5
2007-04-27,13120.9404296875
2007-04-30,13062.91015625
2007-05-01,13136.1396484375
2007-05-02,13211.8798828125
2007-05-03,13241.3798828125
2007-05-04,13264.6201171875
2007-05-07,13312.9697265625
2007-05-08,13309.0703125
2007-05-09,13362.8701171875
2007-05-10,13215.1298828125
2007-05-11,13326.2197265625
2007-05-14,13346.7802734375
2007-05-15,13383.83984375
2007-05-16,13487.5302734375
2007-05-17,13476.7197265625
2007-05-18,13556.5302734375
2007-05-21,13542.8798828125
2007-05-22,13539.9501953125
2007-05-23,13525.650390625
2007-05-24,13441.1298828125
2007-05-25,13507.2802734375
2007-05-29,13521.33984375
2007-05-30,13633.080078125
2007-05-31,13627.6396484375
2007-06-01,13668.1103515625
2007-06-04,13676.3203125
2007-06-05,13595.4599609375
2007-06-06,13465.669921875
2007-06-07,13266.73046875
2007-06-08,13424.3896484375
2007-06-11,13424.9599609375
2007-06-12,13295.009765625
2007-06-13,13482.349609375
2007-06-14,13553.73046875
2007-06-15,13639.48046875
2007-06-18,13612.98046875
2007-06-19,13635.419921875
2007-06-20,13489.419921875
2007-06-21,13545.83984375
2007-06-22,13360.259765625
2007-06-25,13352.0498046875
2007-06-26,13337.66015625
2007-06-27,13427.73046875
2007-06-28,13422.2802734375
2007-06-29,13408.6201171875
2007-07-02,13535.4296875
2007-07-03,13577.2998046875
2007-07-05,13565.83984375
2007-07-06,13611.6796875
2007-07-09,13649.9697265625
2007-07-10,13501.7001953125
2007-07-11,13577.8701171875
2007-07-12,13861.73046875
2007-07-13,13907.25
2007-07-16,13950.98046875
2007-07-17,13971.5498046875
2007-07-18,13918.2197265625
2007-07-19,14000.41015625
2007-07-20,13851.080078125
2007-07-23,13943.419921875
2007-07-24,13716.9501953125
2007-07-25,13785.0703125
2007-07-26,13473.5703125
2007-07-27,13265.4697265625
2007-07-30,13358.3095703125
2007-07-31,13211.990234375
2007-08-01,13362.3701171875
2007-08-02,13463.330078125
2007-08-03,13181.91015625
2007-08-06,13468.7802734375
2007-08-07,13504.2998046875
2007-08-08,13657.8603515625
2007-08-09,13270.6796875
2007-08-10,13239.5400390625
2007-08-13,13236.5302734375
2007-08-14,13028.919921875
2007-08-15,12861.4697265625
2007-08-16,12845.7802734375
2007-08-17,13079.080078125
2007-08-20,13121.349609375
2007-08-21,13090.8603515625
2007-08-22,13236.1298828125
2007-08-23,13235.8798828125
2007-08-24,13378.8701171875
2007-08-27,13322.1298828125
2007-08-28,13041.849609375
2007-08-29,13289.2900390625
2007-08-30,13238.73046875
2007-08-31,13357.740234375
2007-09-04,13448.8603515625
2007-09-05,13305.4697265625
2007-09-06,13363.349609375
2007-09-07,13113.3798828125
2007-09-10,13127.849609375
2007-09-11,13308.3896484375
2007-09-12,13291.650390625
2007-09-13,13424.8798828125
2007-09-14,13442.51953125
2007-09-17,13403.419921875
2007-09-18,13739.3896484375
2007-09-19,13815.5595703125
2007-09-20,13766.7001953125
2007-09-21,13820.1904296875
2007-09-24,13759.0595703125
2007-09-25,13778.650390625
2007-09-26,13878.150390625
2007-09-27,13912.9404296875
2007-09-28,13895.6298828125
2007-10-01,14087.5498046875
2007-10-02,14047.3095703125
2007-10-03,13968.0498046875
2007-10-04,13974.3095703125
2007-10-05,14066.009765625
2007-10-08,14043.73046875
2007-10-09,14164.5302734375
2007-10-10,14078.6904296875
2007-10-11,14015.1201171875
2007-10-12,14093.080078125
2007-10-15,13984.7998046875
2007-10-16,13912.9404296875
2007-10-17,13892.5400390625
2007-10-18,13888.9599609375
2007-10-19,13522.01953125
2007-10-22,13566.9697265625
2007-10-23,13676.23046875
2007-10-24,13675.25
2007-10-25,13671.919921875
2007-10-26,13806.7001953125
2007-10-29,13870.259765625
2007-10-30,13792.4697265625
2007-10-31,13930.009765625
2007-11-01,13567.8701171875
2007-11-02,13595.099609375
2007-11-05,13543.400390625
2007-11-06,13660.9404296875
2007-11-07,13300.01953125
2007-11-08,13266.2900390625
2007-11-09,13042.740234375
2007-11-12,12987.5498046875
2007-11-13,13307.08984375
2007-11-14,13231.009765625
2007-11-15,13110.0498046875
2007-11-16,13176.7900390625
2007-11-19,12958.4404296875
2007-11-20,13010.1396484375
2007-11-21,12799.0400390625
2007-11-23,12980.8798828125
2007-11-26,12743.4404296875
2007-11-27,12958.4404296875
2007-11-28,13289.4501953125
2007-11-29,13311.73046875
2007-11-30,13371.7197265625
2007-12-03,13314.5703125
2007-12-04,13248.73046875
2007-12-05,13444.9599609375
2007-12-06,13619.8896484375
2007-12-07,13625.580078125
2007-12-10,13727.0302734375
2007-12-11,13432.76953125
2007-12-12,13473.900390625
2007-12-13,13517.9599609375
2007-12-14,13339.849609375
2007-12-17,13167.2001953125
2007-12-18,13232.4697265625
2007-12-19,13207.26953125
2007-12-20,13245.6396484375
2007-12-21,13450.650390625
2007-12-24,13550.0400390625
2007-12-26,13551.6904296875
2007-12-27,13359.6103515625
2007-12-28,13365.8701171875
2007-12-31,13264.8203125
2008-01-02,13043.9599609375
2008-01-03,13056.7197265625
2008-01-04,12800.1796875
2008-01-07,12827.490234375
2008-01-08,12589.0703125
2008-01-09,12735.3095703125
2008-01-10,12853.08984375
2008-01-11,12606.2998046875
2008-01-14,12778.150390625
2008-01-15,12501.1103515625
2008-01-16,12466.16015625
2008-01-17,12159.2099609375
2008-01-18,12099.2998046875
2008-01-22,11971.1904296875
2008-01-23,12270.169921875
2008-01-24,12378.6103515625
2008-01-25,12207.169921875
2008-01-28,12383.8896484375
2008-01-29,12480.2998046875
2008-01-30,12442.830078125
2008-01-31,12650.3603515625
2008-02-01,12743.1904296875
2008-02-04,12635.16015625
2008-02-05,12265.1298828125
2008-02-06,12200.099609375
2008-02-07,12247
2008-02-08,12182.1298828125
2008-02-11,12240.009765625
2008-02-12,12373.41015625
2008-02-13,12552.240234375
2008-02-14,12376.98046875
2008-02-15,12348.2099609375
2008-02-19,12337.2197265625
2008-02-20,12427.259765625
2008-02-21,12284.2998046875
2008-02-22,12381.01953125
2008-02-25,12570.2197265625
2008-02-26,12684.919921875
2008-02-27,12694.2802734375
2008-02-28,12582.1796875
2008-02-29,12266.3896484375
2008-03-03,12258.900390625
2008-03-04,12213.7998046875
2008-03-05,12254.990234375
2008-03-06,12040.3896484375
2008-03-07,11893.6904296875
2008-03-10,11740.150390625
2008-03-11,12156.8095703125
2008-03-12,12110.240234375
2008-03-13,12145.740234375
2008-03-14,11951.08984375
2008-03-17,11972.25
2008-03-18,12392.66015625
2008-03-19,12099.66015625
2008-03-20,12361.3203125
2008-03-24,12548.6396484375
2008-03-25,12532.599609375
2008-03-26,12422.8603515625
2008-03-27,12302.4599609375
2008-03-28,12216.400390625
2008-03-31,12262.8896484375
2008-04-01,12654.3603515625
2008-04-02,12608.919921875
2008-04-03,12626.0302734375
2008-04-04,12609.419921875
2008-04-07,12612.4296875
2008-04-08,12576.4404296875
2008-04-09,12527.259765625
2008-04-10,12581.98046875
2008-04-11,12325.419921875
2008-04-14,12302.0595703125
2008-04-15,12362.4697265625
2008-04-16,12619.26953125
2008-04-17,12620.490234375
2008-04-18,12849.3603515625
2008-04-21,12825.01953125
2008-04-22,12720.23046875
2008-04-23,12763.2197265625
2008-04-24,12848.9501953125
2008-04-25,12891.8603515625
2008-04-28,12871.75
2008-04-29,12831.9404296875
2008-04-30,12820.1298828125
2008-05-01,13010
2008-05-02,13058.2001953125
2008-05-05,12969.5400390625
2008-05-06,13020.830078125
2008-05-07,12814.349609375
2008-05-08,12866.7802734375
2008-05-09,12745.8798828125
2008-05-12,12876.3095703125
2008-05-13,12832.1796875
2008-05-14,12898.3798828125
2008-05-15,12992.66015625
2008-05-16,12986.7998046875
2008-05-19,13028.16015625
2008-05-20,12828.6796875
2008-05-21,12601.1904296875
2008-05-22,12625.6201171875
2008-05-23,12479.6298828125
2008-05-27,12548.349609375
2008-05-28,12594.0302734375
2008-05-29,12646.2197265625
2008-05-30,12638.3203125
2008-06-02,12503.8203125
2008-06-03,12402.849609375
2008-06-04,12390.48046875
2008-06-05,12604.4501953125
2008-06-06,12209.8095703125
2008-06-09,12280.3203125
2008-06-10,12289.759765625
2008-06-11,12083.76953125
2008-06-12,12141.580078125
2008-06-13,12307.349609375
2008-06-16,12269.080078125
2008-06-17,12160.2998046875
2008-06-18,12029.0595703125
2008-06-19,12063.08984375
2008-06-20,11842.6904296875
2008-06-23,11842.3603515625
2008-06-24,11807.4296875
2008-06-25,11811.830078125
2008-06-26,11453.419921875
2008-06-27,11346.509765625
2008-06-30,11350.009765625
2008-07-01,11382.259765625
2008-07-02,11215.509765625
2008-07-03,11288.5400390625
2008-07-07,11231.9599609375
2008-07-08,11384.2099609375
2008-07-09,11147.4404296875
2008-07-10,11229.01953125
2008-07-11,11100.5400390625
2008-07-14,11055.1904296875
2008-07-15,10962.5400390625
2008-07-16,11239.2802734375
2008-07-17,11446.66015625
2008-07-18,11496.5703125
2008-07-21,11467.33984375
2008-07-22,11602.5
2008-07-23,11632.3798828125
2008-07-24,11349.2802734375
2008-07-25,11370.6904296875
2008-07-28,11131.080078125
2008-07-29,11397.5595703125
2008-07-30,11583.6904296875
2008-07-31,11378.01953125
2008-08-01,11326.3203125
2008-08-04,11284.150390625
2008-08-05,11615.76953125
2008-08-06,11656.0703125
2008-08-07,11431.4296875
2008-08-08,11734.3203125
2008-08-11,11782.349609375
2008-08-12,11642.4697265625
2008-08-13,11532.9599609375
2008-08-14,11615.9296875
2008-08-15,11659.900390625
2008-08-18,11479.3896484375
2008-08-19,11348.5498046875
2008-08-20,11417.4296875
2008-08-21,11430.2099609375
2008-08-22,11628.0595703125
2008-08-25,11386.25
2008-08-26,11412.8701171875
2008-08-27,11502.509765625
2008-08-28,11715.1796875
2008-08-29,11543.9599609375
2008-09-02,11516.919921875
2008-09-03,11532.8798828125
2008-09-04,11188.23046875
2008-09-05,11220.9599609375
2008-09-08,11510.740234375
2008-09-09,11230.73046875
2008-09-10,11268.919921875
2008-09-11,11433.7099609375
2008-09-12,11421.990234375
2008-09-15,10917.509765625
2008-09-16,11059.01953125
2008-09-17,10609.66015625
2008-09-18,11019.6904296875
2008-09-19,11388.4404296875
2008-09-22,11015.6904296875
2008-09-23,10854.169921875
2008-09-24,10825.169921875
2008-09-25,11022.0595703125
2008-09-26,11143.1298828125
2008-09-29,10365.4501953125
2008-09-30,10850.66015625
2008-10-01,10831.0703125
2008-10-02,10482.849609375
2008-10-03,10325.3798828125
2008-10-06,9955.5
2008-10-07,9447.1103515625
2008-10-08,9258.099609375
2008-10-09,8579.1904296875
2008-10-10,8451.1904296875
2008-10-13,9387.6103515625
2008-10-14,9310.990234375
2008-10-15,8577.91015625
2008-10-16,8979.259765625
2008-10-17,8852.2197265625
2008-10-20,9265.4296875
2008-10-21,9033.66015625
2008-10-22,8519.2099609375
2008-10-23,8691.25
2008-10-24,8378.9501953125
2008-10-27,8175.77001953125
2008-10-28,9065.1201171875
2008-10-29,8990.9599609375
2008-10-30,9180.6904296875
2008-10-31,9325.009765625
2008-11-03,9319.830078125
2008-11-04,9625.2802734375
2008-11-05,9139.26953125
2008-11-06,8695.7900390625
2008-11-07,8943.8095703125
2008-11-10,8870.5400390625
2008-11-11,8693.9599609375
2008-11-12,8282.66015625
2008-11-13,8835.25
2008-11-14,8497.3095703125
2008-11-17,8273.580078125
2008-11-18,8424.75
2008-11-19,7997.27978515625
2008-11-20,7552.2900390625
2008-11-21,8046.419921875
2008-11-24,8443.3896484375
2008-11-25,8479.4697265625
2008-11-26,8726.6103515625
2008-11-28,8829.0400390625
2008-12-01,8149.08984375
2008-12-02,8419.08984375
2008-12-03,8591.6904296875
2008-12-04,8376.240234375
2008-12-05,8635.419921875
2008-12-08,8934.1796875
2008-12-09,8691.330078125
2008-12-10,8761.419921875
2008-12-11,8565.08984375
2008-12-12,8629.6796875
2008-12-15,8564.5302734375
2008-12-16,8924.1396484375
2008-12-17,8824.33984375
2008-12-18,8604.990234375
2008-12-19,8579.1103515625
2008-12-22,8519.6904296875
2008-12-23,8419.490234375
2008-12-24,8468.48046875
2008-12-26,8515.5498046875
2008-12-29,8483.9296875
2008-12-30,8668.3896484375
2008-12-31,8776.3896484375
2009-01-02,9034.6904296875
2009-01-05,8952.8896484375
2009-01-06,9015.099609375
2009-01-07,8769.7001953125
2009-01-08,8742.4599609375
2009-01-09,8599.1796875
2009-01-12,8473.9697265625
2009-01-13,8448.5595703125
2009-01-14,8200.1396484375
2009-01-15,8212.490234375
2009-01-16,8281.2197265625
2009-01-20,7949.08984375
2009-01-21,8228.099609375
2009-01-22,8122.7998046875
2009-01-23,8077.56005859375
2009-01-26,8116.02978515625
2009-01-27,8174.72998046875
2009-01-28,8375.4501953125
2009-01-29,8149.009765625
2009-01-30,8000.85986328125
2009-02-02,7936.75
2009-02-03,8078.35986328125
2009-02-04,7956.66015625
2009-02-05,8063.06982421875
2009-02-06,8280.58984375
2009-02-09,8270.8701171875
2009-02-10,7888.8798828125
2009-02-11,7939.52978515625
2009-02-12,7932.759765625
2009-02-13,7850.41015625
2009-02-17,7552.60009765625
2009-02-18,7555.6298828125
2009-02-19,7465.9501953125
2009-02-20,7365.669921875
2009-02-23,7114.77978515625
2009-02-24,7350.93994140625
2009-02-25,7270.89013671875
2009-02-26,7182.080078125
2009-02-27,7062.93017578125
2009-03-02,6763.2900390625
2009-03-03,6726.02001953125
2009-03-04,6875.83984375
2009-03-05,6594.43994140625
2009-03-06,6626.93994140625
2009-03-09,6547.0498046875
2009-03-10,6926.490234375
2009-03-11,6930.39990234375
2009-03-12,7170.06005859375
2009-03-13,7223.97998046875
2009-03-16,7216.97021484375
2009-03-17,7395.7001953125
2009-03-18,7486.580078125
2009-03-19,7400.7998046875
2009-03-20,7278.3798828125
2009-03-23,7775.85986328125
2009-03-24,7659.97021484375
2009-03-25,7749.81005859375
2009-03-26,7924.56005859375
2009-03-27,7776.18017578125
2009-03-30,7522.02001953125
2009-03-31,7608.919921875
2009-04-01,7761.60009765625
2009-04-02,7978.080078125
2009-04-03,8017.58984375
2009-04-06,7975.85009765625
2009-04-07,7789.56005859375
2009-04-08,7837.10986328125
2009-04-09,8083.3798828125
2009-04-13,8057.81005859375
2009-04-14,7920.18017578125
2009-04-15,8029.6201171875
2009-04-16,8125.43017578125
2009-04-17,8131.330078125
2009-04-20,7841.72998046875
2009-04-21,7969.56005859375
2009-04-22,7886.56982421875
2009-04-23,7957.06005859375
2009-04-24,8076.2900390625
2009-04-27,8025
2009-04-28,8016.9501953125
2009-04-29,8185.72998046875
2009-04-30,8168.1201171875
2009-05-01,8212.41015625
2009-05-04,8426.740234375
2009-05-05,8410.650390625
2009-05-06,8512.2802734375
2009-05-07,8409.849609375
2009-05-08,8574.650390625
2009-05-11,8418.76953125
2009-05-12,8469.1103515625
2009-05-13,8284.8896484375
2009-05-14,8331.3203125
2009-05-15,8268.6396484375
2009-05-18,8504.080078125
2009-05-19,8474.849609375
2009-05-20,8422.0400390625
2009-05-21,8292.1298828125
2009-05-22,8277.3203125
2009-05-26,8473.490234375
2009-05-27,8300.01953125
2009-05-28,8403.7998046875
2009-05-29,8500.330078125
2009-06-01,8721.4404296875
2009-06-02,8740.8701171875
2009-06-03,8675.240234375
2009-06-04,8750.240234375
2009-06-05,8763.1298828125
2009-06-08,8764.490234375
2009-06-09,8763.0595703125
2009-06-10,8739.01953125
2009-06-11,8770.919921875
2009-06-12,8799.259765625
2009-06-15,8612.1298828125
2009-06-16,8504.669921875
2009-06-17,8497.1796875
2009-06-18,8555.599609375
2009-06-19,8539.73046875
2009-06-22,8339.009765625
2009-06-23,8322.91015625
2009-06-24,8299.8603515625
2009-06-25,8472.400390625
2009-06-26,8438.3896484375
2009-06-29,8529.3798828125
2009-06-30,8447
2009-07-01,8504.0595703125
2009-07-02,8280.740234375
2009-07-06,8324.8701171875
2009-07-07,8163.60009765625
2009-07-08,8178.41015625
2009-07-09,8183.169921875
2009-07-10,8146.52001953125
2009-07-13,8331.6796875
2009-07-14,8359.490234375
2009-07-15,8616.2099609375
2009-07-16,8711.8203125
2009-07-17,8743.9404296875
2009-07-20,8848.150390625
2009-07-21,8915.9404296875
2009-07-22,8881.259765625
2009-07-23,9069.2900390625
2009-07-24,9093.240234375
2009-07-27,9108.509765625
2009-07-28,9096.7197265625
2009-07-29,9070.7197265625
2009-07-30,9154.4599609375
2009-07-31,9171.6103515625
2009-08-03,9286.5595703125
2009-08-04,9320.1904296875
2009-08-05,9280.9697265625
2009-08-06,9256.259765625
2009-08-07,9370.0703125
2009-08-10,9337.9501953125
2009-08-11,9241.4501953125
2009-08-12,9361.6103515625
2009-08-13,9398.1904296875
2009-08-14,9321.400390625
2009-08-17,9135.33984375
2009-08-18,9217.9404296875
2009-08-19,9279.16015625
2009-08-20,9350.0498046875
2009-08-21,9505.9599609375
2009-08-24,9509.2802734375
2009-08-25,9539.2900390625
2009-08-26,9543.51953125
2009-08-27,9580.6298828125
2009-08-28,9544.2001953125
2009-08-31,9496.2802734375
2009-09-01,9310.599609375
2009-09-02,9280.669921875
2009-09-03,9344.6103515625
2009-09-04,9441.26953125
2009-09-08,9497.33984375
2009-09-09,9547.2197265625
2009-09-10,9627.48046875
2009-09-11,9605.41015625
2009-09-14,9626.7998046875
2009-09-15,9683.41015625
2009-09-16,9791.7099609375
2009-09-17,9783.919921875
2009-09-18,9820.2001953125
2009-09-21,9778.8603515625
2009-09-22,9829.8701171875
2009-09-23,9748.5498046875
2009-09-24,9707.4404296875
2009-09-25,9665.1904296875
2009-09-28,9789.3603515625
2009-09-29,9742.2001953125
2009-09-30,9712.2802734375
2009-10-01,9509.2802734375
2009-10-02,9487.669921875
2009-10-05,9599.75
2009-10-06,9731.25
2009-10-07,9725.580078125
2009-10-08,9786.8701171875
2009-10-09,9864.9404296875
2009-10-12,9885.7998046875
2009-10-13,9871.0595703125
2009-10-14,10015.8603515625
2009-10-15,10062.9404296875
2009-10-16,9995.91015625
2009-10-19,10092.1904296875
2009-10-20,10041.48046875
2009-10-21,9949.3603515625
2009-10-22,10081.3095703125
2009-10-23,9972.1796875
2009-10-26,9867.9599609375
2009-10-27,9882.169921875
2009-10-28,9762.6904296875
2009-10-29,9962.580078125
2009-10-30,9712.73046875
2009-11-02,9789.4404296875
2009-11-03,9771.91015625
2009-11-04,9802.1396484375
2009-11-05,10005.9599609375
2009-11-06,10023.419921875
2009-11-09,10226.9404296875
2009-11-10,10246.9697265625
2009-11-11,10291.259765625
2009-11-12,10197.4697265625
2009-11-13,10270.4697265625
2009-11-16,10406.9599609375
2009-11-17,10437.419921875
2009-11-18,10426.3095703125
2009-11-19,10332.4404296875
2009-11-20,10318.16015625
2009-11-23,10450.9501953125
2009-11-24,10433.7099609375
2009-11-25,10464.400390625
2009-11-27,10309.919921875
2009-11-30,10344.83984375
2009-12-01,10471.580078125
2009-12-02,10452.6796875
2009-12-03,10366.150390625
2009-12-04,10388.900390625
2009-12-07,10390.1103515625
2009-12-08,10285.9697265625
2009-12-09,10337.0498046875
2009-12-10,10405.830078125
2009-12-11,10471.5
2009-12-14,10501.0498046875
2009-12-15,10452
2009-12-16,10441.1201171875
2009-12-17,10308.259765625
2009-12-18,10328.8896484375
2009-12-21,10414.1396484375
2009-12-22,10464.9296875
2009-12-23,10466.4404296875
2009-12-24,10520.08984375
2009-12-28,10547.080078125
2009-12-29,10545.41015625
2009-12-30,10548.509765625
2009-12-31,10428.0498046875
2010-01-04,10583.9599609375
2010-01-05,10572.01953125
2010-01-06,10573.6796875
2010-01-07,10606.8603515625
2010-01-08,10618.1904296875
2010-01-11,10663.990234375
2010-01-12,10627.259765625
2010-01-13,10680.76953125
2010-01-14,10710.5498046875
2010-01-15,10609.650390625
2010-01-19,10725.4296875
2010-01-20,10603.150390625
2010-01-21,10389.8798828125
2010-01-22,10172.98046875
2010-01-25,10196.8603515625
2010-01-26,10194.2900390625
2010-01-27,10236.16015625
2010-01-28,10120.4599609375
2010-01-29,10067.330078125
2010-02-01,10185.5302734375
2010-02-02,10296.849609375
2010-02-03,10270.5498046875
2010-02-04,10002.1796875
2010-02-05,10012.23046875
2010-02-08,9908.3896484375
2010-02-09,10058.6396484375
2010-02-10,10038.3798828125
2010-02-11,10144.1904296875
2010-02-12,10099.1396484375
2010-02-16,10268.8095703125
2010-02-17,10309.240234375
2010-02-18,10392.900390625
2010-02-19,10402.349609375
2010-02-22,10383.3798828125
2010-02-23,10282.41015625
2010-02-24,10374.16015625
2010-02-25,10321.0302734375
2010-02-26,10325.259765625
2010-03-01,10403.7900390625
2010-03-02,10405.98046875
2010-03-03,10396.759765625
2010-03-04,10444.1396484375
2010-03-05,10566.2001953125
2010-03-08,10552.51953125
2010-03-09,10564.3798828125
2010-03-10,10567.330078125
2010-03-11,10611.83984375
2010-03-12,10624.6904296875
2010-03-15,10642.150390625
2010-03-16,10685.98046875
2010-03-17,10733.669921875
2010-03-18,10779.169921875
2010-03-19,10741.98046875
2010-03-22,10785.8896484375
2010-03-23,10888.830078125
2010-03-24,10836.150390625
2010-03-25,10841.2099609375
2010-03-26,10850.3603515625
2010-03-29,10895.8603515625
2010-03-30,10907.419921875
2010-03-31,10856.6298828125
2010-04-01,10927.0703125
2010-04-05,10973.5498046875
2010-04-06,10969.990234375
2010-04-07,10897.51953125
2010-04-08,10927.0703125
2010-04-09,10997.349609375
2010-04-12,11005.9697265625
2010-04-13,11019.419921875
2010-04-14,11123.1103515625
2010-04-15,11144.5703125
2010-04-16,11018.66015625
2010-04-19,11092.0498046875
2010-04-20,11117.0595703125
2010-04-21,11124.919921875
2010-04-22,11134.2900390625
2010-04-23,11204.2802734375
2010-04-26,11205.0302734375
2010-04-27,10991.990234375
2010-04-28,11045.26953125
2010-04-29,11167.3203125
2010-04-30,11008.6103515625
2010-05-03,11151.830078125
2010-05-04,10926.76953125
2010-05-05,10866.830078125
2010-05-06,10520.3203125
2010-05-07,10380.4296875
2010-05-10,10785.1396484375
2010-05-11,10748.259765625
2010-05-12,10896.91015625
2010-05-13,10782.9501953125
2010-05-14,10620.16015625
2010-05-17,10625.830078125
2010-05-18,10510.9501953125
2010-05-19,10444.3701171875
2010-05-20,10068.009765625
2010-05-21,10193.3896484375
2010-05-24,10066.5703125
2010-05-25,10043.75
2010-05-26,9974.4501953125
2010-05-27,10258.990234375
2010-05-28,10136.6298828125
2010-06-01,10024.01953125
2010-06-02,10249.5400390625
2010-06-03,10255.2802734375
2010-06-04,9931.9697265625
2010-06-07,9816.490234375
2010-06-08,9939.98046875
2010-06-09,9899.25
2010-06-10,10172.5302734375
2010-06-11,10211.0703125
2010-06-14,10190.8896484375
2010-06-15,10404.76953125
2010-06-16,10409.4599609375
2010-06-17,10434.169921875
2010-06-18,10450.6396484375
2010-06-21,10442.41015625
2010-06-22,10293.51953125
2010-06-23,10298.4404296875
2010-06-24,10152.7998046875
2010-06-25,10143.8095703125
2010-06-28,10138.51953125
2010-06-29,9870.2998046875
2010-06-30,9774.01953125
2010-07-01,9732.5302734375
2010-07-02,9686.48046875
2010-07-06,9743.6201171875
2010-07-07,10018.2802734375
2010-07-08,10138.990234375
2010-07-09,10198.0302734375
2010-07-12,10216.26953125
2010-07-13,10363.01953125
2010-07-14,10366.7197265625
2010-07-15,10359.3095703125
2010-07-16,10097.900390625
2010-07-19,10154.4296875
2010-07-20,10229.9599609375
2010-07-21,10120.5302734375
2010-07-22,10322.2998046875
2010-07-23,10424.6201171875
2010-07-26,10525.4296875
2010-07-27,10537.6904296875
2010-07-28,10497.8798828125
2010-07-29,10467.16015625
2010-07-30,10465.9404296875
2010-08-02,10674.3798828125
2010-08-03,10636.3798828125
2010-08-04,10680.4296875
2010-08-05,10674.98046875
2010-08-06,10653.5595703125
2010-08-09,10698.75
2010-08-10,10644.25
2010-08-11,10378.830078125
2010-08-12,10319.9501953125
2010-08-13,10303.150390625
2010-08-16,10302.009765625
2010-08-17,10405.849609375
2010-08-18,10415.5400390625
2010-08-19,10271.2099609375
2010-08-20,10213.6201171875
2010-08-23,10174.41015625
2010-08-24,10040.4501953125
2010-08-25,10060.0595703125
2010-08-26,9985.8095703125
2010-08-27,10150.650390625
2010-08-30,10009.73046875
2010-08-31,10014.7197265625
2010-09-01,10269.4697265625
2010-09-02,10320.099609375
2010-09-03,10447.9296875
2010-09-07,10340.6904296875
2010-09-08,10387.009765625
2010-09-09,10415.240234375
2010-09-10,10462.76953125
2010-09-13,10544.1298828125
2010-09-14,10526.490234375
2010-09-15,10572.73046875
2010-09-16,10594.830078125
2010-09-17,10607.849609375
2010-09-20,10753.6201171875
2010-09-21,10761.0302734375
2010-09-22,10739.3095703125
2010-09-23,10662.419921875
2010-09-24,10860.259765625
2010-09-27,10812.0400390625
2010-09-28,10858.1396484375
2010-09-29,10835.2802734375
2010-09-30,10788.0498046875
2010-10-01,10829.6796875
2010-10-04,10751.26953125
2010-10-05,10944.7197265625
2010-10-06,10967.650390625
2010-10-07,10948.580078125
2010-10-08,11006.48046875
2010-10-11,11010.33984375
2010-10-12,11020.400390625
2010-10-13,11096.080078125
2010-10-14,11094.5703125
2010-10-15,11062.7802734375
2010-10-18,11143.6904296875
2010-10-19,10978.6201171875
2010-10-20,11107.9697265625
2010-10-21,11146.5703125
2010-10-22,11132.5595703125
2010-10-25,11164.0498046875
2010-10-26,11169.4599609375
2010-10-27,11126.2802734375
2010-10-28,11113.9501953125
2010-10-29,11118.490234375
2010-11-01,11124.6201171875
2010-11-02,11188.7197265625
2010-11-03,11215.1298828125
2010-11-04,11434.83984375
2010-11-05,11444.080078125
2010-11-08,11406.83984375
2010-11-09,11346.75
2010-11-10,11357.0400390625
2010-11-11,11283.099609375
2010-11-12,11192.580078125
2010-11-15,11201.9697265625
2010-11-16,11023.5
2010-11-17,11007.8798828125
2010-11-18,11181.23046875
2010-11-19,11203.5498046875
2010-11-22,11178.580078125
2010-11-23,11036.3701171875
2010-11-24,11187.2802734375
2010-11-26,11091.8701171875
2010-11-29,11052.490234375
2010-11-30,11006.01953125
2010-12-01,11255.7802734375
2010-12-02,11362.41015625
2010-12-03,11382.08984375
2010-12-06,11362.1904296875
2010-12-07,11359.16015625
2010-12-08,11372.48046875
2010-12-09,11370.0595703125
2010-12-10,11410.3203125
2010-12-13,11428.5595703125
2010-12-14,11476.5400390625
2010-12-15,11457.4697265625
2010-12-16,11499.25
2010-12-17,11491.91015625
2010-12-20,11478.1298828125
2010-12-21,11533.16015625
2010-12-22,11559.490234375
2010-12-23,11573.490234375
2010-12-27,11555.0302734375
2010-12-28,11575.5400390625
2010-12-29,11585.3798828125
2010-12-30,11569.7099609375
2010-12-31,11577.509765625
2011-01-03,11670.75
2011-01-04,11691.1796875
2011-01-05,11722.8896484375
2011-01-06,11697.3095703125
2011-01-07,11674.759765625
2011-01-10,11637.4501953125
2011-01-11,11671.8798828125
2011-01-12,11755.4404296875
2011-01-13,11731.900390625
2011-01-14,11787.3798828125
2011-01-18,11837.9296875
2011-01-19,11825.2900390625
2011-01-20,11822.7998046875
2011-01-21,11871.83984375
2011-01-24,11980.51953125
2011-01-25,11977.1904296875
2011-01-26,11985.4404296875
2011-01-27,11989.830078125
2011-01-28,11823.7001953125
2011-01-31,11891.9296875
2011-02-01,12040.16015625
2011-02-02,12041.9697265625
2011-02-03,12062.259765625
2011-02-04,12092.150390625
2011-02-07,12161.6298828125
2011-02-08,12233.150390625
2011-02-09,12239.8896484375
2011-02-10,12229.2900390625
2011-02-11,12273.259765625
2011-02-14,12268.1904296875
2011-02-15,12226.6396484375
2011-02-16,12288.169921875
2011-02-17,12318.1396484375
2011-02-18,12391.25
2011-02-22,12212.7900390625
2011-02-23,12105.7802734375
2011-02-24,12068.5
2011-02-25,12130.4501953125
2011-02-28,12226.33984375
2011-03-01,12058.01953125
2011-03-02,12066.7998046875
2011-03-03,12258.2001953125
2011-03-04,12169.8798828125
2011-03-07,12090.0302734375
2011-03-08,12214.3798828125
2011-03-09,12213.08984375
2011-03-10,11984.6103515625
2011-03-11,12044.400390625
2011-03-14,11993.16015625
2011-03-15,11855.419921875
2011-03-16,11613.2998046875
2011-03-17,11774.58984375
2011-03-18,11858.51953125
2011-03-21,12036.5302734375
2011-03-22,12018.6298828125
2011-03-23,12086.01953125
2011-03-24,12170.5595703125
2011-03-25,12220.58984375
2011-03-28,12197.8798828125
2011-03-29,12279.009765625
2011-03-30,12350.6103515625
2011-03-31,12319.73046875
2011-04-01,12376.7197265625
2011-04-04,12400.0302734375
2011-04-05,12393.900390625
2011-04-06,12426.75
2011-04-07,12409.490234375
2011-04-08,12380.0498046875
2011-04-11,12381.1103515625
2011-04-12,12263.580078125
2011-04-13,12270.990234375
2011-04-14,12285.150390625
2011-04-15,12341.830078125
2011-04-18,12201.58984375
2011-04-19,12266.75
2011-04-20,12453.5400390625
2011-04-21,12505.990234375
2011-04-25,12479.8798828125
2011-04-26,12595.3701171875
2011-04-27,12690.9599609375
2011-04-28,12763.3095703125
2011-04-29,12810.5400390625
2011-05-02,12807.3603515625
2011-05-03,12807.509765625
2011-05-04,12723.580078125
2011-05-05,12584.169921875
2011-05-06,12638.740234375
2011-05-09,12684.6796875
2011-05-10,12760.3603515625
2011-05-11,12630.0302734375
2011-05-12,12695.919921875
2011-05-13,12595.75
2011-05-16,12548.3701171875
2011-05-17,12479.580078125
2011-05-18,12560.1796875
2011-05-19,12605.3203125
2011-05-20,12512.0400390625
2011-05-23,12381.259765625
2011-05-24,12356.2099609375
2011-05-25,12394.66015625
2011-05-26,12402.759765625
2011-05-27,12441.580078125
2011-05-31,12569.7900390625
2011-06-01,12290.1396484375
2011-06-02,12248.5498046875
2011-06-03,12151.259765625
2011-06-06,12089.9599609375
2011-06-07,12070.8095703125
2011-06-08,12048.9404296875
2011-06-09,12124.3603515625
2011-06-10,11951.91015625
2011-06-13,11952.9697265625
2011-06-14,12076.1103515625
2011-06-15,11897.26953125
2011-06-16,11961.51953125
2011-06-17,12004.3603515625
2011-06-20,12080.3798828125
2011-06-21,12190.009765625
2011-06-22,12109.669921875
2011-06-23,12050
2011-06-24,11934.580078125
2011-06-27,12043.5595703125
2011-06-28,12188.6904296875
2011-06-29,12261.419921875
2011-06-30,12414.33984375
2011-07-01,12582.76953125
2011-07-05,12569.8701171875
2011-07-06,12626.01953125
2011-07-07,12719.490234375
2011-07-08,12657.2001953125
2011-07-11,12505.759765625
2011-07-12,12446.8798828125
2011-07-13,12491.6103515625
2011-07-14,12437.1201171875
2011-07-15,12479.73046875
2011-07-18,12385.16015625
2011-07-19,12587.419921875
2011-07-20,12571.91015625
2011-07-21,12724.41015625
2011-07-22,12681.16015625
2011-07-25,12592.7998046875
2011-07-26,12501.2998046875
2011-07-27,12302.5498046875
2011-07-28,12240.1103515625
2011-07-29,12143.240234375
2011-08-01,12132.490234375
2011-08-02,11866.6201171875
2011-08-03,11896.4404296875
2011-08-04,11383.6796875
2011-08-05,11444.6103515625
2011-08-08,10809.849609375
2011-08-09,11239.76953125
2011-08-10,10719.9404296875
2011-08-11,11143.3095703125
2011-08-12,11269.01953125
2011-08-15,11482.900390625
2011-08-16,11405.9296875
2011-08-17,11410.2099609375
2011-08-18,10990.580078125
2011-08-19,10817.650390625
2011-08-22,10854.650390625
2011-08-23,11176.759765625
2011-08-24,11320.7099609375
2011-08-25,11149.8203125
2011-08-26,11284.5400390625
2011-08-29,11539.25
2011-08-30,11559.9501953125
2011-08-31,11613.5302734375
2011-09-01,11493.5703125
2011-09-02,11240.259765625
2011-09-06,11139.2998046875
2011-09-07,11414.8603515625
2011-09-08,11295.8095703125
2011-09-09,10992.1298828125
2011-09-12,11061.1201171875
2011-09-13,11105.849609375
2011-09-14,11246.73046875
2011-09-15,11433.1796875
2011-09-16,11509.08984375
2011-09-19,11401.009765625
2011-09-20,11408.66015625
2011-09-21,11124.83984375
2011-09-22,10733.830078125
2011-09-23,10771.48046875
2011-09-26,11043.8603515625
2011-09-27,11190.6904296875
2011-09-28,11010.900390625
2011-09-29,11153.98046875
2011-09-30,10913.3798828125
2011-10-03,10655.2998046875
2011-10-04,10808.7099609375
2011-10-05,10939.9501953125
2011-10-06,11123.330078125
2011-10-07,11103.1201171875
2011-10-10,11433.1796875
2011-10-11,11416.2998046875
2011-10-12,11518.849609375
2011-10-13,11478.1298828125
2011-10-14,11644.490234375
2011-10-17,11397
2011-10-18,11577.0498046875
2011-10-19,11504.6201171875
2011-10-20,11541.7802734375
2011-10-21,11808.7900390625
2011-10-24,11913.6201171875
2011-10-25,11706.6201171875
2011-10-26,11869.0400390625
2011-10-27,12208.5498046875
2011-10-28,12231.1103515625
2011-10-31,11955.009765625
2011-11-01,11657.9599609375
2011-11-02,11836.0400390625
2011-11-03,12044.4697265625
2011-11-04,11983.240234375
2011-11-07,12068.3896484375
2011-11-08,12170.1796875
2011-11-09,11780.9404296875
2011-11-10,11893.8603515625
2011-11-11,12153.6796875
2011-11-14,12078.98046875
2011-11-15,12096.16015625
2011-11-16,11905.58984375
2011-11-17,11770.73046875
2011-11-18,11796.16015625
2011-11-21,11547.3095703125
2011-11-22,11493.7197265625
2011-11-23,11257.5498046875
2011-11-25,11231.650390625
2011-11-28,11523.009765625
2011-11-29,11555.6298828125
2011-11-30,12045.6796875
2011-12-01,12020.0302734375
2011-12-02,12019.419921875
2011-12-05,12097.830078125
2011-12-06,12150.1298828125
2011-12-07,12196.3701171875
2011-12-08,11997.7001953125
2011-12-09,12184.259765625
2011-12-12,12021.3896484375
2011-12-13,11954.9404296875
2011-12-14,11823.48046875
2011-12-15,11868.8095703125
2011-12-16,11866.3896484375
2011-12-19,11766.259765625
2011-12-20,12103.580078125
2011-12-21,12107.740234375
2011-12-22,12169.650390625
2011-12-23,12294
2011-12-27,12291.349609375
2011-12-28,12151.41015625
2011-12-29,12287.0400390625
2011-12-30,12217.5595703125
2012-01-03,12397.3798828125
2012-01-04,12418.419921875
2012-01-05,12415.7001953125
2012-01-06,12359.919921875
2012-01-09,12392.6904296875
2012-01-10,12462.4697265625
2012-01-11,12449.4501953125
2012-01-12,12471.01953125
2012-01-13,12422.0595703125
2012-01-17,12482.0703125
2012-01-18,12578.9501953125
2012-01-19,12623.98046875
2012-01-20,12720.48046875
2012-01-23,12708.8203125
2012-01-24,12675.75
2012-01-25,12758.849609375
2012-01-26,12734.6298828125
2012-01-27,12660.4599609375
2012-01-30,12653.7197265625
2012-01-31,12632.91015625
2012-02-01,12716.4599609375
2012-02-02,12705.41015625
2012-02-03,12862.23046875
2012-02-06,12845.1298828125
2012-02-07,12878.2001953125
2012-02-08,12883.9501953125
2012-02-09,12890.4599609375
2012-02-10,12801.23046875
2012-02-13,12874.0400390625
2012-02-14,12878.2802734375
2012-02-15,12780.9501953125
2012-02-16,12904.080078125
2012-02-17,12949.8701171875
2012-02-21,12965.6904296875
2012-02-22,12938.669921875
2012-02-23,12984.6904296875
2012-02-24,12982.9501953125
2012-02-27,12981.509765625
2012-02-28,13005.1201171875
2012-02-29,12952.0703125
2012-03-01,12980.2998046875
2012-03-02,12977.5703125
2012-03-05,12962.8095703125
2012-03-06,12759.150390625
2012-03-07,12837.330078125
2012-03-08,12907.9404296875
2012-03-09,12922.01953125
2012-03-12,12959.7099609375
2012-03-13,13177.6796875
2012-03-14,13194.099609375
2012-03-15,13252.759765625
2012-03-16,13232.6201171875
2012-03-19,13239.1298828125
2012-03-20,13170.1904296875
2012-03-21,13124.6201171875
2012-03-22,13046.1396484375
2012-03-23,13080.73046875
2012-03-26,13241.6298828125
2012-03-27,13197.73046875
2012-03-28,13126.2099609375
2012-03-29,13145.8203125
2012-03-30,13212.0400390625
2012-04-02,13264.490234375
2012-04-03,13199.5498046875
2012-04-04,13074.75
2012-04-05,13060.1396484375
2012-04-09,12929.58984375
2012-04-10,12715.9296875
2012-04-11,12805.3896484375
2012-04-12,12986.580078125
2012-04-13,12849.58984375
2012-04-16,12921.41015625
2012-04-17,13115.5400390625
2012-04-18,13032.75
2012-04-19,12964.099609375
2012-04-20,13029.259765625
2012-04-23,12927.169921875
2012-04-24,13001.5595703125
2012-04-25,13090.7197265625
2012-04-26,13204.6201171875
2012-04-27,13228.3095703125
2012-04-30,13213.6298828125
2012-05-01,13279.3203125
2012-05-02,13268.5703125
2012-05-03,13206.58984375
2012-05-04,13038.26953125
2012-05-07,13008.5302734375
2012-05-08,12932.08984375
2012-05-09,12835.0595703125
2012-05-10,12855.0400390625
2012-05-11,12820.599609375
2012-05-14,12695.349609375
2012-05-15,12632
2012-05-16,12598.5498046875
2012-05-17,12442.490234375
2012-05-18,12369.3798828125
2012-05-21,12504.48046875
2012-05-22,12502.8095703125
2012-05-23,12496.150390625
2012-05-24,12529.75
2012-05-25,12454.830078125
2012-05-29,12580.6904296875
2012-05-30,12419.8603515625
2012-05-31,12393.4501953125
2012-06-01,12118.5703125
2012-06-04,12101.4599609375
2012-06-05,12127.9501953125
2012-06-06,12414.7900390625
2012-06-07,12460.9599609375
2012-06-08,12554.2001953125
2012-06-11,12411.23046875
2012-06-12,12573.7998046875
2012-06-13,12496.3798828125
2012-06-14,12651.91015625
2012-06-15,12767.169921875
2012-06-18,12741.8203125
2012-06-19,12837.330078125
2012-06-20,12824.3896484375
2012-06-21,12573.5703125
2012-06-22,12640.7802734375
2012-06-25,12502.66015625
2012-06-26,12534.669921875
2012-06-27,12627.009765625
2012-06-28,12602.259765625
2012-06-29,12880.08984375
2012-07-02,12871.3896484375
2012-07-03,12943.66015625
2012-07-05,12896.669921875
2012-07-06,12772.4697265625
2012-07-09,12736.2900390625
2012-07-10,12653.1201171875
2012-07-11,12604.5302734375
2012-07-12,12573.26953125
2012-07-13,12777.08984375
2012-07-16,12727.2099609375
2012-07-17,12805.5400390625
2012-07-18,12908.7001953125
2012-07-19,12943.3603515625
2012-07-20,12822.5703125
2012-07-23,12721.4599609375
2012-07-24,12617.3203125
2012-07-25,12676.0498046875
2012-07-26,12887.9296875
2012-07-27,13075.66015625
2012-07-30,13073.009765625
2012-07-31,13008.6796875
2012-08-01,12976.1298828125
2012-08-02,12878.8798828125
2012-08-03,13096.169921875
2012-08-06,13117.509765625
2012-08-07,13168.599609375
2012-08-08,13175.6396484375
2012-08-09,13165.1904296875
2012-08-10,13207.9501953125
2012-08-13,13169.4296875
2012-08-14,13172.1396484375
2012-08-15,13164.7802734375
2012-08-16,13250.1103515625
2012-08-17,13275.2001953125
2012-08-20,13271.6396484375
2012-08-21,13203.580078125
2012-08-22,13172.759765625
2012-08-23,13057.4599609375
2012-08-24,13157.9697265625
2012-08-27,13124.669921875
2012-08-28,13102.990234375
2012-08-29,13107.48046875
2012-08-30,13000.7099609375
2012-08-31,13090.83984375
2012-09-04,13035.9404296875
2012-09-05,13047.48046875
2012-09-06,13292
2012-09-07,13306.6396484375
2012-09-10,13254.2900390625
2012-09-11,13323.3603515625
2012-09-12,13333.349609375
2012-09-13,13539.8603515625
2012-09-14,13593.3701171875
2012-09-17,13553.099609375
2012-09-18,13564.6396484375
2012-09-19,13577.9599609375
2012-09-20,13596.9296875
2012-09-21,13579.4697265625
2012-09-24,13558.919921875
2012-09-25,13457.5498046875
2012-09-26,13413.509765625
2012-09-27,13485.9697265625
2012-09-28,13437.1298828125
2012-10-01,13515.1103515625
2012-10-02,13482.3603515625
2012-10-03,13494.6103515625
2012-10-04,13575.3603515625
2012-10-05,13610.150390625
2012-10-08,13583.650390625
2012-10-09,13473.5302734375
2012-10-10,13344.9697265625
2012-10-11,13326.3896484375
2012-10-12,13328.849609375
2012-10-15,13424.23046875
2012-10-16,13551.7802734375
2012-10-17,13557
2012-10-18,13548.9404296875
2012-10-19,13343.509765625
2012-10-22,13345.8896484375
2012-10-23,13102.5302734375
2012-10-24,13077.33984375
2012-10-25,13103.6796875
2012-10-26,13107.2099609375
2012-10-31,13096.4599609375
2012-11-01,13232.6201171875
2012-11-02,13093.16015625
2012-11-05,13112.4404296875
2012-11-06,13245.6796875
2012-11-07,12932.73046875
2012-11-08,12811.3203125
2012-11-09,12815.3896484375
2012-11-12,12815.080078125
2012-11-13,12756.1796875
2012-11-14,12570.9501953125
2012-11-15,12542.3798828125
2012-11-16,12588.3095703125
2012-11-19,12795.9599609375
2012-11-20,12788.509765625
2012-11-21,12836.8896484375
2012-11-23,13009.5302734375
2012-11-26,12967.3701171875
2012-11-27,12878.1298828125
2012-11-28,12985.1103515625
2012-11-29,13021.8203125
2012-11-30,13025.580078125
2012-12-03,12965.599609375
2012-12-04,12951.7802734375
2012-12-05,13034.490234375
2012-12-06,13074.0400390625
2012-12-07,13155.1298828125
2012-12-10,13169.8798828125
2012-12-11,13248.4404296875
2012-12-12,13245.4501953125
2012-12-13,13170.7197265625
2012-12-14,13135.009765625
2012-12-17,13235.3896484375
2012-12-18,13350.9599609375
2012-12-19,13251.9697265625
2012-12-20,13311.7197265625
2012-12-21,13190.83984375
2012-12-24,13138.9296875
2012-12-26,13114.58984375
2012-12-27,13096.3095703125
2012-12-28,12938.1103515625
2012-12-31,13104.1396484375
2013-01-02,13412.5498046875
2013-01-03,13391.3603515625
2013-01-04,13435.2099609375
2013-01-07,13384.2900390625
2013-01-08,13328.849609375
2013-01-09,13390.509765625
2013-01-10,13471.2197265625
2013-01-11,13488.4296875
2013-01-14,13507.3203125
2013-01-15,13534.8896484375
2013-01-16,13511.23046875
2013-01-17,13596.01953125
2013-01-18,13649.7001953125
2013-01-22,13712.2099609375
2013-01-23,13779.330078125
2013-01-24,13825.330078125
2013-01-25,13895.98046875
2013-01-28,13881.9296875
2013-01-29,13954.419921875
2013-01-30,13910.419921875
2013-01-31,13860.580078125
2013-02-01,14009.7900390625
2013-02-04,13880.080078125
2013-02-05,13979.2998046875
2013-02-06,13986.51953125
2013-02-07,13944.0498046875
2013-02-08,13992.9697265625
2013-02-11,13971.240234375
2013-02-12,14018.7001953125
2013-02-13,13982.91015625
2013-02-14,13973.3896484375
2013-02-15,13981.759765625
2013-02-19,14035.669921875
2013-02-20,13927.5400390625
2013-02-21,13880.6201171875
2013-02-22,14000.5703125
2013-02-25,13784.169921875
2013-02-26,13900.1298828125
2013-02-27,14075.3701171875
2013-02-28,14054.490234375
2013-03-01,14089.66015625
2013-03-04,14127.8203125
2013-03-05,14253.76953125
2013-03-06,14296.240234375
2013-03-07,14329.490234375
2013-03-08,14397.0703125
2013-03-11,14447.2900390625
2013-03-12,14450.0595703125
2013-03-13,14455.2802734375
2013-03-14,14539.1396484375
2013-03-15,14514.1103515625
2013-03-18,14452.0595703125
2013-03-19,14455.8203125
2013-03-20,14511.73046875
2013-03-21,14421.490234375
2013-03-22,14512.0302734375
2013-03-25,14447.75
2013-03-26,14559.650390625
2013-03-27,14526.16015625
2013-03-28,14578.5400390625
2013-04-01,14572.849609375
2013-04-02,14662.009765625
2013-04-03,14550.349609375
2013-04-04,14606.1103515625
2013-04-05,14565.25
2013-04-08,14613.48046875
2013-04-09,14673.4599609375
2013-04-10,14802.240234375
2013-04-11,14865.1396484375
2013-04-12,14865.0595703125
2013-04-15,14599.2001953125
2013-04-16,14756.7802734375
2013-04-17,14618.58984375
2013-04-18,14537.1396484375
2013-04-19,14547.509765625
2013-04-22,14567.169921875
2013-04-23,14719.4599609375
2013-04-24,14676.2998046875
2013-04-25,14700.7998046875
2013-04-26,14712.5498046875
2013-04-29,14818.75
2013-04-30,14839.7998046875
2013-05-01,14700.9501953125
2013-05-02,14831.580078125
2013-05-03,14973.9599609375
2013-05-06,14968.8896484375
2013-05-07,15056.2001953125
2013-05-08,15105.1201171875
2013-05-09,15082.6201171875
2013-05-10,15118.490234375
2013-05-13,15091.6796875
2013-05-14,15215.25
2013-05-15,15275.6904296875
2013-05-16,15233.2197265625
2013-05-17,15354.400390625
2013-05-20,15335.2802734375
2013-05-21,15387.580078125
2013-05-22,15307.169921875
2013-05-23,15294.5
2013-05-24,15303.099609375
2013-05-28,15409.3896484375
2013-05-29,15302.7998046875
2013-05-30,15324.5302734375
2013-05-31,15115.5703125
2013-06-03,15254.0302734375
2013-06-04,15177.5400390625
2013-06-05,14960.58984375
2013-06-06,15040.6201171875
2013-06-07,15248.1201171875
2013-06-10,15238.58984375
2013-06-11,15122.01953125
2013-06-12,14995.23046875
2013-06-13,15176.080078125
2013-06-14,15070.1796875
2013-06-17,15179.849609375
2013-06-18,15318.23046875
2013-06-19,15112.1904296875
2013-06-20,14758.3203125
2013-06-21,14799.400390625
2013-06-24,14659.5595703125
2013-06-25,14760.3095703125
2013-06-26,14910.1396484375
2013-06-27,15024.490234375
2013-06-28,14909.599609375
2013-07-01,14974.9599609375
2013-07-02,14932.41015625
2013-07-03,14988.3701171875
2013-07-05,15135.83984375
2013-07-08,15224.6904296875
2013-07-09,15300.33984375
2013-07-10,15291.66015625
2013-07-11,15460.919921875
2013-07-12,15464.2998046875
2013-07-15,15484.259765625
2013-07-16,15451.849609375
2013-07-17,15470.51953125
2013-07-18,15548.5400390625
2013-07-19,15543.740234375
2013-07-22,15545.5498046875
2013-07-23,15567.740234375
2013-07-24,15542.240234375
2013-07-25,15555.6103515625
2013-07-26,15558.830078125
2013-07-29,15521.9697265625
2013-07-30,15520.58984375
2013-07-31,15499.5400390625
2013-08-01,15628.01953125
2013-08-02,15658.3603515625
2013-08-05,15612.1298828125
2013-08-06,15518.740234375
2013-08-07,15470.669921875
2013-08-08,15498.3203125
2013-08-09,15425.509765625
2013-08-12,15419.6796875
2013-08-13,15451.009765625
2013-08-14,15337.66015625
2013-08-15,15112.1904296875
2013-08-16,15081.4697265625
2013-08-19,15010.740234375
2013-08-20,15002.990234375
2013-08-21,14897.5498046875
2013-08-22,14963.740234375
2013-08-23,15010.509765625
2013-08-26,14946.4599609375
2013-08-27,14776.1298828125
2013-08-28,14824.509765625
2013-08-29,14840.9501953125
2013-08-30,14810.3095703125
2013-09-03,14833.9599609375
2013-09-04,14930.8701171875
2013-09-05,14937.48046875
2013-09-06,14922.5
2013-09-09,15063.1201171875
2013-09-10,15191.0595703125
2013-09-11,15326.599609375
2013-09-12,15300.6396484375
2013-09-13,15376.0595703125
2013-09-16,15494.7802734375
2013-09-17,15529.73046875
2013-09-18,15676.9404296875
2013-09-19,15636.5498046875
2013-09-20,15451.08984375
2013-09-23,15401.3798828125
2013-09-24,15334.58984375
2013-09-25,15273.259765625
2013-09-26,15328.2998046875
2013-09-27,15258.240234375
2013-09-30,15129.669921875
2013-10-01,15191.7001953125
2013-10-02,15133.1396484375
2013-10-03,14996.48046875
2013-10-04,15072.580078125
2013-10-07,14936.240234375
2013-10-08,14776.5302734375
2013-10-09,14802.98046875
2013-10-10,15126.0703125
2013-10-11,15237.1103515625
2013-10-14,15301.259765625
2013-10-15,15168.009765625
2013-10-16,15373.830078125
2013-10-17,15371.650390625
2013-10-18,15399.650390625
2013-10-21,15392.2001953125
2013-10-22,15467.66015625
2013-10-23,15413.330078125
2013-10-24,15509.2099609375
2013-10-25,15570.2802734375
2013-10-28,15568.9296875
2013-10-29,15680.349609375
2013-10-30,15618.759765625
2013-10-31,15545.75
2013-11-01,15615.5498046875
2013-11-04,15639.1201171875
2013-11-05,15618.2197265625
2013-11-06,15746.8798828125
2013-11-07,15593.98046875
2013-11-08,15761.7802734375
2013-11-11,15783.099609375
2013-11-12,15750.669921875
2013-11-13,15821.6298828125
2013-11-14,15876.2197265625
2013-11-15,15961.7001953125
2013-11-18,15976.01953125
2013-11-19,15967.0302734375
2013-11-20,15900.8203125
2013-11-21,16009.990234375
2013-11-22,16064.76953125
2013-11-25,16072.5400390625
2013-11-26,16072.7998046875
2013-11-27,16097.330078125
2013-11-29,16086.41015625
2013-12-02,16008.76953125
2013-12-03,15914.6201171875
2013-12-04,15889.76953125
2013-12-05,15821.509765625
2013-12-06,16020.2001953125
2013-12-09,16025.5302734375
2013-12-10,15973.1298828125
2013-12-11,15843.5302734375
2013-12-12,15739.4296875
2013-12-13,15755.3603515625
2013-12-16,15884.5703125
2013-12-17,15875.259765625
2013-12-18,16167.9697265625
2013-12-19,16179.080078125
2013-12-20,16221.1396484375
2013-12-23,16294.6103515625
2013-12-24,16357.5498046875
2013-12-26,16479.880859375
2013-12-27,16478.41015625
2013-12-30,16504.2890625
2013-12-31,16576.66015625
